split,model,R2,RMSE_kPa,MAE_kPa,MAPE_pct
random_within_well,MSE_Ridge_baseline,0.19979551624562952,215.44505305833368,160.15654923059552,26.545855954164548
random_within_well,RandomForest_direct,0.9005212635571889,75.96283530916116,46.25293527024605,5.064861636704586
random_within_well,XGBoost_direct,0.9127857045847834,71.12624387275861,44.977956690342936,5.081556781406341
random_within_well,XGBoost_direct_without_torque_history,0.7715264766155647,115.12084688397691,82.53159497086533,9.046016186950114
random_within_well,PGML_XGBoost_residual,0.9083042030316609,72.93076196141199,47.323852256147944,6.566095064671202
depth_holdout,MSE_Ridge_baseline,-0.777523677893206,213.70163081505464,147.12885725167513,12.958837309824716
depth_holdout,RandomForest_direct,0.7883902451062934,73.73403167826464,48.866253386743296,4.510055946348493
depth_holdout,XGBoost_direct,0.6919776901165817,88.95927314628692,68.02770842146776,6.451328856457823
depth_holdout,XGBoost_direct_without_torque_history,-9.42723382559788,517.5885916891096,464.908950624659,44.68549102562926
depth_holdout,PGML_XGBoost_residual,0.3211254501183727,132.06717954141828,110.92980191404723,10.536836511916874
contiguous_block_holdout,MSE_Ridge_baseline,-0.04338016599815808,253.18023813252205,197.6034409554345,21.700019476779485
contiguous_block_holdout,RandomForest_direct,0.7649057666503749,120.17925399009324,77.6343362343983,9.000750003412774
contiguous_block_holdout,XGBoost_direct,0.7593198348961265,121.59862552823681,80.33602392661545,9.216291906920123
contiguous_block_holdout,XGBoost_direct_without_torque_history,0.046312571936663716,242.05359902007953,188.03282379683347,21.35470099380788
contiguous_block_holdout,PGML_XGBoost_residual,0.7739919173899217,117.83396758526824,79.70904416616085,9.283672571699178
